{
  "last_sync": "2026-06-14T06:49:21.474762+00:00",
  "files": {
    "hermes-liyu-deployment.md": 1780911344.650396,
    "user-profile.md": 1780651564.558647,
    "liyu-vision.md": 1780685188.6447833,
    "no-auto-model-switch.md": 1781379255.7467563,
    "liyu-genesis.md": 1780685180.4377484,
    "last-session.md": 1781382219.7635503,
    "memory-curation.md": 1780685199.4882972,
    "model-and-alignment.md": 1781382017.795781,
    "_archive/mundo-v209-deep-analysis.md": 1781233197.308959,
    "_archive/nexsandglass-analysis.md": 1781340303.7488332,
    "_archive/mundo-agent-review.md": 1780601279.535505,
    "_archive/claude-code-optimization.md": 1780608189.177476
  }
}